{
  "12": [
    "mother_khala",
    "gargoya_scrapper",
    "stitch_leech",
    "truthspeaker",
    "celestial_harpy"
  ],
  "13": [
    "mother_khala",
    "gargoya_scrapper",
    "chaos_agent",
    "stitch_leech",
    "truthspeaker",
    "celestial_harpy"
  ],
  "14": [
    "general_sloan",
    "chaos_knight",
    "venari_crystalsmith"
  ],
  "15": [
    "general_sloan",
    "chaos_knight",
    "venari_crystalsmith",
    "gargoya_scrapper"
  ],
  "16": [
    "general_sloan",
    "chaos_knight",
    "venari_crystalsmith",
    "halfling_alchemist"
  ],
  "17": [
    "general_sloan",
    "chaos_knight",
    "venari_crystalsmith",
    "halfling_alchemist",
    "gargoya_scrapper"
  ],
  "18": [
    "general_sloan",
    "shieldbearer",
    "venari_crystalsmith",
    "halfling_alchemist"
  ],
  "19": [
    "general_sloan",
    "gargoya_scrapper",
    "shieldbearer",
    "venari_crystalsmith",
    "halfling_alchemist"
  ],
  "20": [
    "general_sloan",
    "shieldbearer",
    "venari_crystalsmith",
    "herbalist",
    "halfling_alchemist"
  ],
  "21": [
    "general_sloan",
    "gargoya_scrapper",
    "shieldbearer",
    "venari_crystalsmith",
    "herbalist",
    "halfling_alchemist"
  ],
  "22": [
    "general_sloan",
    "shieldbearer",
    "venari_crystalsmith",
    "pelacor_arbalest"
  ],
  "23": [
    "general_sloan",
    "gargoya_scrapper",
    "shieldbearer",
    "venari_crystalsmith",
    "pelacor_arbalest"
  ],
  "24": [
    "general_sloan",
    "shieldbearer",
    "venari_crystalsmith",
    "halfling_alchemist",
    "pelacor_arbalest"
  ],
  "25": [
    "general_sloan",
    "gargoya_scrapper",
    "shieldbearer",
    "venari_crystalsmith",
    "halfling_alchemist",
    "pelacor_arbalest"
  ],
  "26": [
    "general_sloan",
    "shieldbearer",
    "time_mage",
    "venari_crystalsmith",
    "pelacor_arbalest"
  ],
  "27": [
    "general_sloan",
    "gargoya_scrapper",
    "shieldbearer",
    "time_mage",
    "venari_crystalsmith",
    "pelacor_arbalest"
  ],
  "28": [
    "general_sloan",
    "shieldbearer",
    "time_mage",
    "venari_crystalsmith",
    "halfling_alchemist",
    "pelacor_arbalest"
  ],
  "29": [
    "general_sloan",
    "gargoya_scrapper",
    "shieldbearer",
    "time_mage",
    "venari_crystalsmith",
    "halfling_alchemist",
    "pelacor_arbalest"
  ],
  "30": [
    "general_sloan",
    "shieldbearer",
    "time_mage",
    "venari_crystalsmith",
    "halfling_alchemist",
    "herbalist",
    "pelacor_arbalest"
  ],
  "31": [
    "general_sloan",
    "shieldbearer",
    "time_mage",
    "venari_crystalsmith",
    "halfling_alchemist",
    "grenadier",
    "pelacor_arbalest"
  ],
  "32": [
    "general_sloan",
    "shieldbearer",
    "chaos_knight",
    "time_mage",
    "venari_crystalsmith",
    "pelacor_arbalest"
  ],
  "33": [
    "general_sloan",
    "shieldbearer",
    "gargoya_scrapper",
    "chaos_knight",
    "time_mage",
    "venari_crystalsmith",
    "pelacor_arbalest"
  ],
  "34": [
    "general_sloan",
    "shieldbearer",
    "chaos_knight",
    "time_mage",
    "venari_crystalsmith",
    "halfling_alchemist",
    "pelacor_arbalest"
  ],
  "35": [
    "general_sloan",
    "shieldbearer",
    "chaos_knight",
    "time_mage",
    "venari_crystalsmith",
    "grenadier",
    "pelacor_arbalest"
  ],
  "36": [
    "general_sloan",
    "shieldbearer",
    "chaos_knight",
    "time_mage",
    "venari_crystalsmith",
    "grenadier",
    "pelacor_arbalest"
  ],
  "37": [
    "general_sloan",
    "shieldbearer",
    "chaos_knight",
    "time_mage",
    "venari_crystalsmith",
    "portal_spinner",
    "pelacor_arbalest"
  ],
  "38": [
    "general_sloan",
    "shieldbearer",
    "chaos_knight",
    "time_mage",
    "lone_boatman",
    "portal_spinner",
    "pelacor_arbalest"
  ],
  "39": [
    "general_sloan",
    "shieldbearer",
    "chaos_knight",
    "time_mage",
    "goblin_chariot",
    "supply_runner",
    "pelacor_arbalest"
  ],
  "40": [
    "general_sloan",
    "shieldbearer",
    "chaos_knight",
    "time_mage",
    "goblin_chariot",
    "supply_runner",
    "pelacor_arbalest"
  ],
  "41": [
    "general_sloan",
    "shieldbearer",
    "chaos_knight",
    "time_mage",
    "goblin_chariot",
    "supply_runner",
    "pelacor_arbalest"
  ],
  "42": [
    "general_sloan",
    "shieldbearer",
    "chaos_knight",
    "time_mage",
    "goblin_chariot",
    "sand_worm",
    "pelacor_arbalest"
  ],
  "43": [
    "general_sloan",
    "shieldbearer",
    "chaos_knight",
    "time_mage",
    "goblin_chariot",
    "sand_worm",
    "pelacor_arbalest"
  ],
  "44": [
    "general_sloan",
    "shieldbearer",
    "chaos_knight",
    "time_mage",
    "goblin_chariot",
    "sand_worm",
    "pelacor_arbalest"
  ],
  "45": [
    "general_sloan",
    "shieldbearer",
    "chaos_knight",
    "time_mage",
    "goblin_chariot",
    "sand_worm",
    "pelacor_arbalest"
  ],
  "46": [
    "general_sloan",
    "shieldbearer",
    "chaos_knight",
    "time_mage",
    "goblin_chariot",
    "sand_worm",
    "pelacor_arbalest"
  ],
  "47": [
    "general_sloan",
    "shieldbearer",
    "chaos_knight",
    "time_mage",
    "goblin_chariot",
    "sand_worm",
    "pelacor_arbalest"
  ],
  "48": [
    "general_sloan",
    "shieldbearer",
    "chaos_knight",
    "time_mage",
    "goblin_chariot",
    "sand_worm",
    "pelacor_arbalest"
  ],
  "49": [
    "general_sloan",
    "shieldbearer",
    "chaos_knight",
    "time_mage",
    "goblin_chariot",
    "sand_worm",
    "pelacor_arbalest"
  ],
  "50": [
    "general_sloan",
    "shieldbearer",
    "chaos_knight",
    "time_mage",
    "goblin_chariot",
    "sand_worm",
    "pelacor_arbalest"
  ],
  "51": [
    "general_sloan",
    "shieldbearer",
    "chaos_knight",
    "time_mage",
    "goblin_chariot",
    "sand_worm",
    "pelacor_arbalest"
  ],
  "52": [
    "general_sloan",
    "shieldbearer",
    "chaos_knight",
    "time_mage",
    "goblin_chariot",
    "sand_worm",
    "pelacor_arbalest"
  ],
  "53": [
    "general_sloan",
    "shieldbearer",
    "chaos_knight",
    "time_mage",
    "goblin_chariot",
    "sand_worm",
    "pelacor_arbalest"
  ],
  "54": [
    "general_sloan",
    "shieldbearer",
    "chaos_knight",
    "time_mage",
    "goblin_chariot",
    "sand_worm",
    "pelacor_arbalest"
  ],
  "55": [
    "general_sloan",
    "shieldbearer",
    "chaos_knight",
    "time_mage",
    "goblin_chariot",
    "sand_worm",
    "pelacor_arbalest"
  ],
  "56": [
    "general_sloan",
    "shieldbearer",
    "chaos_knight",
    "time_mage",
    "goblin_chariot",
    "sand_worm",
    "pelacor_arbalest"
  ],
  "57": [
    "general_sloan",
    "shieldbearer",
    "chaos_knight",
    "time_mage",
    "goblin_chariot",
    "sand_worm",
    "pelacor_arbalest"
  ],
  "58": [
    "general_sloan",
    "shieldbearer",
    "chaos_knight",
    "time_mage",
    "goblin_chariot",
    "sand_worm",
    "pelacor_arbalest"
  ],
  "59": [
    "general_sloan",
    "shieldbearer",
    "chaos_knight",
    "time_mage",
    "goblin_chariot",
    "sand_worm",
    "pelacor_arbalest"
  ],
  "60": [
    "general_sloan",
    "shieldbearer",
    "chaos_knight",
    "time_mage",
    "goblin_chariot",
    "sand_worm",
    "pelacor_arbalest"
  ],
  "61": [
    "general_sloan",
    "shieldbearer",
    "chaos_knight",
    "time_mage",
    "goblin_chariot",
    "sand_worm",
    "pelacor_arbalest"
  ],
  "62": [
    "general_sloan",
    "shieldbearer",
    "chaos_knight",
    "time_mage",
    "goblin_chariot",
    "sand_worm",
    "pelacor_arbalest"
  ],
  "63": [
    "general_sloan",
    "shieldbearer",
    "chaos_knight",
    "time_mage",
    "goblin_chariot",
    "sand_worm",
    "pelacor_arbalest"
  ],
  "64": [
    "general_sloan",
    "shieldbearer",
    "chaos_knight",
    "time_mage",
    "goblin_chariot",
    "sand_worm",
    "pelacor_arbalest"
  ],
  "65": [
    "general_sloan",
    "shieldbearer",
    "chaos_knight",
    "time_mage",
    "goblin_chariot",
    "sand_worm",
    "pelacor_arbalest"
  ],
  "66": [
    "general_sloan",
    "shieldbearer",
    "chaos_knight",
    "time_mage",
    "goblin_chariot",
    "sand_worm",
    "pelacor_arbalest"
  ],
  "67": [
    "general_sloan",
    "shieldbearer",
    "chaos_knight",
    "time_mage",
    "goblin_chariot",
    "sand_worm",
    "pelacor_arbalest"
  ],
  "68": [
    "general_sloan",
    "shieldbearer",
    "chaos_knight",
    "time_mage",
    "goblin_chariot",
    "sand_worm",
    "pelacor_arbalest"
  ],
  "69": [
    "general_sloan",
    "shieldbearer",
    "chaos_knight",
    "time_mage",
    "goblin_chariot",
    "sand_worm",
    "pelacor_arbalest"
  ],
  "70": [
    "general_sloan",
    "shieldbearer",
    "chaos_knight",
    "time_mage",
    "goblin_chariot",
    "sand_worm",
    "pelacor_arbalest"
  ],
  "99": [
    "general_sloan",
    "shieldbearer",
    "chaos_knight",
    "time_mage",
    "goblin_chariot",
    "sand_worm",
    "pelacor_arbalest"
  ]
}