{
  "12": [
    "kelya_frendul",
    "djinn_oshannus"
  ],
  "13": [
    "kelya_frendul",
    "hardy_stonefish",
    "djinn_oshannus"
  ],
  "14": [
    "kelya_frendul",
    "kelp_initiate",
    "djinn_oshannus"
  ],
  "15": [
    "kelya_frendul",
    "djinn_oshannus",
    "merdaali_guardian"
  ],
  "16": [
    "kelya_frendul",
    "djinn_oshannus",
    "merdaali_guardian",
    "hardy_stonefish"
  ],
  "17": [
    "kelya_frendul",
    "djinn_oshannus",
    "merdaali_guardian",
    "ice_pixie"
  ],
  "18": [
    "kelya_frendul",
    "djinn_oshannus",
    "merdaali_guardian",
    "ice_pixie",
    "hardy_stonefish"
  ],
  "19": [
    "kelya_frendul",
    "djinn_oshannus",
    "merdaali_guardian",
    "coral_wraith"
  ],
  "20": [
    "kelya_frendul",
    "djinn_oshannus",
    "merdaali_guardian",
    "spirit_hoarder",
    "ice_pixie",
    "hardy_stonefish",
    ""
  ],
  "21": [
    "kelya_frendul",
    "djinn_oshannus",
    "merdaali_guardian",
    "coral_wraith",
    "ice_pixie"
  ],
  "22": [
    "kelya_frendul",
    "djinn_oshannus",
    "merdaali_guardian",
    "coral_wraith",
    "ice_pixie",
    "hardy_stonefish"
  ],
  "23": [
    "kelya_frendul",
    "kelp_initiate",
    "djinn_oshannus",
    "axemaster",
    "ice_pixie"
  ],
  "24": [
    "kelya_frendul",
    "djinn_oshannus",
    "merdaali_guardian",
    "axemaster",
    "ice_pixie"
  ],
  "25": [
    "kelya_frendul",
    "hardy_stonefish",
    "djinn_oshannus",
    "merdaali_guardian",
    "axemaster",
    "ice_pixie"
  ],
  "26": [
    "kelya_frendul",
    "hardy_stonefish",
    "djinn_oshannus",
    "coral_wraith",
    "axemaster",
    "ice_pixie"
  ],
  "27": [
    "kelya_frendul",
    "kelp_initiate",
    "djinn_oshannus",
    "coral_wraith",
    "axemaster",
    "ice_pixie"
  ],
  "28": [
    "kelya_frendul",
    "djinn_oshannus",
    "merdaali_guardian",
    "coral_wraith",
    "axemaster",
    "ice_pixie"
  ],
  "29": [
    "kelya_frendul",
    "kelp_initiate",
    "djinn_oshannus",
    "coral_wraith",
    "axemaster",
    "kulu_wimhunter"
  ],
  "30": [
    "kelya_frendul",
    "djinn_oshannus",
    "merdaali_guardian",
    "coral_wraith",
    "axemaster",
    "kulu_wimhunter"
  ],
  "31": [
    "kelya_frendul",
    "djinn_oshannus",
    "merdaali_guardian",
    "spirit_hoarder",
    "coral_wraith",
    "axemaster",
    "ice_pixie"
  ],
  "32": [
    "kelya_frendul",
    "djinn_oshannus",
    "merdaali_guardian",
    "spirit_hoarder",
    "coral_wraith",
    "axemaster",
    "ice_pixie"
  ],
  "33": [
    "kelya_frendul",
    "kelp_initiate",
    "djinn_oshannus",
    "magi_of_chaos",
    "coral_wraith",
    "axemaster",
    "ice_pixie"
  ],
  "34": [
    "kelya_frendul",
    "djinn_oshannus",
    "merdaali_guardian",
    "magi_of_chaos",
    "coral_wraith",
    "axemaster",
    "ice_pixie"
  ],
  "35": [
    "kelya_frendul",
    "djinn_oshannus",
    "merdaali_guardian",
    "magi_of_chaos",
    "coral_wraith",
    "axemaster",
    "spirit_hoarder"
  ],
  "36": [
    "kelya_frendul",
    "djinn_oshannus",
    "magi_of_chaos",
    "coral_wraith",
    "axemaster",
    "captain's_ghost"
  ],
  "37": [
    "kelya_frendul",
    "djinn_oshannus",
    "captain's_ghost",
    "magi_of_chaos",
    "coral_wraith",
    "axemaster",
    "hardy_stonefish"
  ],
  "38": [
    "kelya_frendul",
    "djinn_oshannus",
    "captain's_ghost",
    "magi_of_chaos",
    "coral_wraith",
    "axemaster",
    "ice_pixie"
  ],
  "39": [
    "kelya_frendul",
    "djinn_oshannus",
    "river_hellondale",
    "magi_of_chaos",
    "axemaster",
    "captain's_ghost"
  ],
  "40": [
    "kelya_frendul",
    "djinn_oshannus",
    "river_hellondale",
    "captain's_ghost",
    "magi_of_chaos",
    "axemaster",
    "hardy_stonefish"
  ],
  "41": [
    "kelya_frendul",
    "djinn_oshannus",
    "river_hellondale",
    "captain's_ghost",
    "magi_of_chaos",
    "axemaster",
    "ice_pixie"
  ],
  "42": [
    "kelya_frendul",
    "djinn_oshannus",
    "nerissa_tridawn",
    "captain's_ghost",
    "magi_of_chaos",
    "axemaster",
    "hardy_stonefish"
  ],
  "43": [
    "kelya_frendul",
    "djinn_oshannus",
    "nerissa_tridawn",
    "captain's_ghost",
    "magi_of_chaos",
    "axemaster",
    "ice_pixie"
  ],
  "44": [
    "kelya_frendul",
    "djinn_oshannus",
    "nerissa_tridawn",
    "captain's_ghost",
    "river_hellondale",
    "axemaster",
    "ice_pixie"
  ],
  "45": [
    "kelya_frendul",
    "djinn_oshannus",
    "nerissa_tridawn",
    "captain's_ghost",
    "river_hellondale",
    "axemaster",
    "merdaali_guardian"
  ],
  "46": [
    "kelya_frendul",
    "djinn_oshannus",
    "nerissa_tridawn",
    "river_hellondale",
    "coral_wraith",
    "axemaster",
    "captain's_ghost"
  ],
  "47": [
    "kelya_frendul",
    "djinn_oshannus",
    "nerissa_tridawn",
    "river_hellondale",
    "coral_wraith",
    "axemaster",
    "captain's_ghost"
  ],
  "48": [
    "kelya_frendul",
    "djinn_oshannus",
    "nerissa_tridawn",
    "river_hellondale",
    "magi_of_chaos",
    "axemaster",
    "captain's_ghost"
  ],
  "49": [
    "kelya_frendul",
    "djinn_oshannus",
    "nerissa_tridawn",
    "river_hellondale",
    "magi_of_chaos",
    "axemaster",
    "captain's_ghost"
  ],
  "50": [
    "kelya_frendul",
    "djinn_oshannus",
    "nerissa_tridawn",
    "river_hellondale",
    "magi_of_chaos",
    "axemaster",
    "captain's_ghost"
  ],
  "51": [
    "kelya_frendul",
    "djinn_oshannus",
    "nerissa_tridawn",
    "river_hellondale",
    "magi_of_chaos",
    "axemaster",
    "captain's_ghost"
  ],
  "52": [
    "kelya_frendul",
    "djinn_oshannus",
    "nerissa_tridawn",
    "river_hellondale",
    "magi_of_chaos",
    "axemaster",
    "captain's_ghost"
  ],
  "53": [
    "kelya_frendul",
    "djinn_oshannus",
    "nerissa_tridawn",
    "river_hellondale",
    "magi_of_chaos",
    "axemaster",
    "captain's_ghost"
  ],
  "54": [
    "kelya_frendul",
    "djinn_oshannus",
    "nerissa_tridawn",
    "river_hellondale",
    "magi_of_chaos",
    "axemaster",
    "captain's_ghost"
  ],
  "55": [
    "kelya_frendul",
    "djinn_oshannus",
    "nerissa_tridawn",
    "river_hellondale",
    "magi_of_chaos",
    "axemaster",
    "captain's_ghost"
  ],
  "56": [
    "kelya_frendul",
    "djinn_oshannus",
    "nerissa_tridawn",
    "river_hellondale",
    "magi_of_chaos",
    "axemaster",
    "captain's_ghost"
  ],
  "57": [
    "kelya_frendul",
    "djinn_oshannus",
    "nerissa_tridawn",
    "river_hellondale",
    "magi_of_chaos",
    "axemaster",
    "captain's_ghost"
  ],
  "58": [
    "kelya_frendul",
    "djinn_oshannus",
    "nerissa_tridawn",
    "river_hellondale",
    "magi_of_chaos",
    "axemaster",
    "captain's_ghost"
  ],
  "59": [
    "kelya_frendul",
    "djinn_oshannus",
    "nerissa_tridawn",
    "river_hellondale",
    "magi_of_chaos",
    "axemaster",
    "captain's_ghost"
  ],
  "60": [
    "kelya_frendul",
    "djinn_oshannus",
    "nerissa_tridawn",
    "river_hellondale",
    "magi_of_chaos",
    "axemaster",
    "captain's_ghost"
  ],
  "61": [
    "kelya_frendul",
    "djinn_oshannus",
    "nerissa_tridawn",
    "river_hellondale",
    "magi_of_chaos",
    "axemaster",
    "captain's_ghost"
  ],
  "62": [
    "kelya_frendul",
    "djinn_oshannus",
    "nerissa_tridawn",
    "river_hellondale",
    "magi_of_chaos",
    "axemaster",
    "captain's_ghost"
  ],
  "63": [
    "kelya_frendul",
    "djinn_oshannus",
    "nerissa_tridawn",
    "river_hellondale",
    "magi_of_chaos",
    "axemaster",
    "captain's_ghost"
  ],
  "64": [
    "kelya_frendul",
    "djinn_oshannus",
    "nerissa_tridawn",
    "river_hellondale",
    "magi_of_chaos",
    "axemaster",
    "captain's_ghost"
  ],
  "65": [
    "kelya_frendul",
    "djinn_oshannus",
    "nerissa_tridawn",
    "river_hellondale",
    "magi_of_chaos",
    "axemaster",
    "captain's_ghost"
  ],
  "66": [
    "kelya_frendul",
    "djinn_oshannus",
    "nerissa_tridawn",
    "river_hellondale",
    "magi_of_chaos",
    "axemaster",
    "captain's_ghost"
  ],
  "67": [
    "kelya_frendul",
    "djinn_oshannus",
    "nerissa_tridawn",
    "river_hellondale",
    "magi_of_chaos",
    "axemaster",
    "captain's_ghost"
  ],
  "68": [
    "kelya_frendul",
    "djinn_oshannus",
    "nerissa_tridawn",
    "river_hellondale",
    "magi_of_chaos",
    "axemaster",
    "captain's_ghost"
  ],
  "69": [
    "kelya_frendul",
    "djinn_oshannus",
    "nerissa_tridawn",
    "river_hellondale",
    "magi_of_chaos",
    "axemaster",
    "captain's_ghost"
  ],
  "70": [
    "kelya_frendul",
    "djinn_oshannus",
    "nerissa_tridawn",
    "river_hellondale",
    "magi_of_chaos",
    "axemaster",
    "captain's_ghost"
  ],
  "99": [
    "kelya_frendul",
    "djinn_oshannus",
    "nerissa_tridawn",
    "river_hellondale",
    "magi_of_chaos",
    "axemaster",
    "captain's_ghost"
  ]
}