{
  "12": [
    "mylor_crowling",
    "unicorn_mustang",
    "mycelic_morphoid"
  ],
  "13": [
    "mylor_crowling",
    "unicorn_mustang",
    "khmer_princess"
  ],
  "14": [
    "mylor_crowling",
    "unicorn_mustang",
    "khmer_princess",
    "mycelic_morphoid"
  ],
  "15": [
    "mylor_crowling",
    "unicorn_mustang",
    "khmer_princess",
    "goblin_dartling"
  ],
  "16": [
    "mylor_crowling",
    "unicorn_mustang",
    "queen_mycelia",
    "mycelic_morphoid"
  ],
  "17": [
    "mylor_crowling",
    "unicorn_mustang",
    "queen_mycelia",
    "khmer_princess"
  ],
  "18": [
    "mylor_crowling",
    "unicorn_mustang",
    "queen_mycelia",
    "khmer_princess",
    "mycelic_morphoid"
  ],
  "19": [
    "mylor_crowling",
    "unicorn_mustang",
    "queen_mycelia",
    "khmer_princess",
    "goblin_dartling"
  ],
  "20": [
    "mylor_crowling",
    "unicorn_mustang",
    "queen_mycelia",
    "khmer_princess",
    "goblin_dartling",
    "mycelic_morphoid"
  ],
  "21": [
    "mylor_crowling",
    "unicorn_mustang",
    "khmer_princess",
    "goblin_psychic",
    "goblin_dartling"
  ],
  "22": [
    "mylor_crowling",
    "unicorn_mustang",
    "queen_mycelia",
    "goblin_psychic",
    "mycelic_morphoid"
  ],
  "23": [
    "mylor_crowling",
    "unicorn_mustang",
    "queen_mycelia",
    "goblin_psychic",
    "khmer_princess"
  ],
  "24": [
    "mylor_crowling",
    "unicorn_mustang",
    "queen_mycelia",
    "goblin_psychic",
    "khmer_princess",
    "mycelic_morphoid"
  ],
  "25": [
    "mylor_crowling",
    "unicorn_mustang",
    "queen_mycelia",
    "goblin_psychic",
    "khmer_princess",
    "goblin_dartling"
  ],
  "26": [
    "mylor_crowling",
    "unicorn_mustang",
    "queen_mycelia",
    "goblin_psychic",
    "regal_peryton"
  ],
  "27": [
    "mylor_crowling",
    "unicorn_mustang",
    "queen_mycelia",
    "regal_peryton",
    "goblin_psychic",
    "mycelic_morphoid"
  ],
  "28": [
    "mylor_crowling",
    "unicorn_mustang",
    "queen_mycelia",
    "goblin_psychic",
    "hunter_jarx",
    "mycelic_morphoid"
  ],
  "29": [
    "mylor_crowling",
    "unicorn_mustang",
    "queen_mycelia",
    "goblin_psychic",
    "khmer_princess",
    "hunter_jarx"
  ],
  "30": [
    "mylor_crowling",
    "unicorn_mustang",
    "queen_mycelia",
    "goblin_psychic",
    "khmer_princess",
    "hunter_jarx",
    "mycelic_morphoid"
  ],
  "31": [
    "mylor_crowling",
    "unicorn_mustang",
    "queen_mycelia",
    "goblin_psychic",
    "mitica_headhunter",
    "khmer_princess"
  ],
  "32": [
    "mylor_crowling",
    "unicorn_mustang",
    "queen_mycelia",
    "goblin_psychic",
    "mitica_headhunter",
    "khmer_princess",
    "mycelic_morphoid"
  ],
  "33": [
    "mylor_crowling",
    "unicorn_mustang",
    "queen_mycelia",
    "goblin_psychic",
    "khmer_princess",
    "mitica_headhunter",
    "mycelic_morphoid"
  ],
  "34": [
    "obsidian",
    "unicorn_mustang",
    "queen_mycelia",
    "goblin_psychic",
    "khmer_princess",
    "mitica_headhunter",
    "goblin_dartling"
  ],
  "35": [
    "obsidian",
    "unicorn_mustang",
    "queen_mycelia",
    "goblin_psychic",
    "mitica_headhunter",
    "regal_peryton"
  ],
  "36": [
    "obsidian",
    "unicorn_mustang",
    "queen_mycelia",
    "goblin_psychic",
    "regal_peryton",
    "mitica_headhunter",
    "mycelic_morphoid"
  ],
  "37": [
    "obsidian",
    "unicorn_mustang",
    "queen_mycelia",
    "goblin_psychic",
    "hunter_jarx",
    "mitica_headhunter",
    "mycelic_morphoid"
  ],
  "38": [
    "obsidian",
    "unicorn_mustang",
    "queen_mycelia",
    "magi_of_chaos",
    "goblin_psychic",
    "mitica_headhunter",
    "khmer_princess"
  ],
  "39": [
    "obsidian",
    "unicorn_mustang",
    "queen_mycelia",
    "magi_of_chaos",
    "goblin_psychic",
    "khmer_princess",
    "mitica_headhunter"
  ],
  "40": [
    "obsidian",
    "unicorn_mustang",
    "queen_mycelia",
    "magi_of_chaos",
    "goblin_psychic",
    "khmer_princess",
    "mitica_headhunter"
  ],
  "41": [
    "obsidian",
    "grund",
    "unicorn_mustang",
    "queen_mycelia",
    "goblin_psychic",
    "mycelic_slipspawn"
  ],
  "42": [
    "obsidian",
    "grund",
    "unicorn_mustang",
    "queen_mycelia",
    "goblin_psychic",
    "mycelic_morphoid",
    "mycelic_slipspawn"
  ],
  "43": [
    "obsidian",
    "grund",
    "unicorn_mustang",
    "queen_mycelia",
    "goblin_psychic",
    "khmer_princess",
    "mycelic_slipspawn"
  ],
  "44": [
    "obsidian",
    "grund",
    "unicorn_mustang",
    "queen_mycelia",
    "goblin_psychic",
    "khmer_princess",
    "mycelic_slipspawn"
  ],
  "45": [
    "obsidian",
    "grund",
    "unicorn_mustang",
    "queen_mycelia",
    "goblin_psychic",
    "goblin_thief",
    "mycelic_slipspawn"
  ],
  "46": [
    "obsidian",
    "grund",
    "unicorn_mustang",
    "queen_mycelia",
    "regal_peryton",
    "goblin_psychic",
    "mycelic_slipspawn"
  ],
  "47": [
    "obsidian",
    "grund",
    "unicorn_mustang",
    "queen_mycelia",
    "goblin_psychic",
    "hunter_jarx",
    "mycelic_slipspawn"
  ],
  "48": [
    "obsidian",
    "grund",
    "unicorn_mustang",
    "queen_mycelia",
    "goblin_psychic",
    "hunter_jarx",
    "mycelic_slipspawn"
  ],
  "49": [
    "obsidian",
    "grund",
    "unicorn_mustang",
    "queen_mycelia",
    "goblin_psychic",
    "mitica_headhunter",
    "mycelic_slipspawn"
  ],
  "50": [
    "obsidian",
    "grund",
    "unicorn_mustang",
    "queen_mycelia",
    "goblin_psychic",
    "mitica_headhunter",
    "mycelic_slipspawn"
  ],
  "51": [
    "obsidian",
    "grund",
    "unicorn_mustang",
    "goblin_psychic",
    "hunter_jarx",
    "mitica_headhunter",
    "mycelic_slipspawn"
  ],
  "52": [
    "obsidian",
    "grund",
    "unicorn_mustang",
    "goblin_psychic",
    "hunter_jarx",
    "mitica_headhunter",
    "mycelic_slipspawn"
  ],
  "53": [
    "obsidian",
    "grund",
    "unicorn_mustang",
    "goblin_psychic",
    "hunter_jarx",
    "mitica_headhunter",
    "mycelic_slipspawn"
  ],
  "54": [
    "obsidian",
    "grund",
    "unicorn_mustang",
    "goblin_psychic",
    "hunter_jarx",
    "mitica_headhunter",
    "mycelic_slipspawn"
  ],
  "55": [
    "obsidian",
    "grund",
    "unicorn_mustang",
    "goblin_psychic",
    "hunter_jarx",
    "mitica_headhunter",
    "mycelic_slipspawn"
  ],
  "56": [
    "obsidian",
    "grund",
    "unicorn_mustang",
    "goblin_psychic",
    "hunter_jarx",
    "mitica_headhunter",
    "mycelic_slipspawn"
  ],
  "57": [
    "obsidian",
    "grund",
    "unicorn_mustang",
    "goblin_psychic",
    "hunter_jarx",
    "mitica_headhunter",
    "mycelic_slipspawn"
  ],
  "58": [
    "obsidian",
    "grund",
    "unicorn_mustang",
    "goblin_psychic",
    "hunter_jarx",
    "mitica_headhunter",
    "mycelic_slipspawn"
  ],
  "59": [
    "obsidian",
    "grund",
    "unicorn_mustang",
    "goblin_psychic",
    "hunter_jarx",
    "mitica_headhunter",
    "mycelic_slipspawn"
  ],
  "60": [
    "obsidian",
    "grund",
    "unicorn_mustang",
    "goblin_psychic",
    "hunter_jarx",
    "mitica_headhunter",
    "mycelic_slipspawn"
  ],
  "61": [
    "obsidian",
    "grund",
    "unicorn_mustang",
    "goblin_psychic",
    "hunter_jarx",
    "mitica_headhunter",
    "mycelic_slipspawn"
  ],
  "62": [
    "obsidian",
    "grund",
    "unicorn_mustang",
    "goblin_psychic",
    "hunter_jarx",
    "mitica_headhunter",
    "mycelic_slipspawn"
  ],
  "63": [
    "obsidian",
    "grund",
    "unicorn_mustang",
    "goblin_psychic",
    "hunter_jarx",
    "mitica_headhunter",
    "mycelic_slipspawn"
  ],
  "64": [
    "obsidian",
    "grund",
    "unicorn_mustang",
    "goblin_psychic",
    "hunter_jarx",
    "mitica_headhunter",
    "mycelic_slipspawn"
  ],
  "65": [
    "obsidian",
    "grund",
    "unicorn_mustang",
    "goblin_psychic",
    "hunter_jarx",
    "mitica_headhunter",
    "mycelic_slipspawn"
  ],
  "66": [
    "obsidian",
    "grund",
    "unicorn_mustang",
    "goblin_psychic",
    "hunter_jarx",
    "mitica_headhunter",
    "mycelic_slipspawn"
  ],
  "67": [
    "obsidian",
    "grund",
    "unicorn_mustang",
    "goblin_psychic",
    "hunter_jarx",
    "mitica_headhunter",
    "mycelic_slipspawn"
  ],
  "68": [
    "obsidian",
    "grund",
    "unicorn_mustang",
    "goblin_psychic",
    "hunter_jarx",
    "mitica_headhunter",
    "mycelic_slipspawn"
  ],
  "69": [
    "obsidian",
    "grund",
    "unicorn_mustang",
    "goblin_psychic",
    "hunter_jarx",
    "mitica_headhunter",
    "mycelic_slipspawn"
  ],
  "70": [
    "obsidian",
    "grund",
    "unicorn_mustang",
    "goblin_psychic",
    "hunter_jarx",
    "mitica_headhunter",
    "mycelic_slipspawn"
  ],
  "99": [
    "obsidian",
    "grund",
    "unicorn_mustang",
    "goblin_psychic",
    "hunter_jarx",
    "mitica_headhunter",
    "mycelic_slipspawn"
  ]
}